{"mean": -1.0480777025222778, "std": 2.8483071327209473}