{
  "mean": -1.0428659915924072,
  "std": 2.8221018314361572
}